station,slope,alt,d_source,strahler,width_river_mean,avg_depth_station_mean,width_river_cv,avg_depth_station_cv,DBO_med,flow_med,temperature_med,DBO_cv,flow_cv,temperature_cv
122,1.02,116.33,26,3,5.259090909090909,0.45125,0.094196473735859515,0.1595556874604882,2.6635914270020438,2.1361313210504504,11.454709707606124,0.16116972880369546,0.3475408921003737,0.08943937755274188
123,1,100.08,17,2,5.102,0.514,0.07596239388141508,0.2815303496328363,2.898206055168237,1.7503038858743627,10.933353272310868,0.17410624669261046,0.38635499479569324,0.12190041534460744
154,1.01,57.73,88,5,33.85454545454545,2.5163636363636366,0.12161938431857541,0.274304664879607,3.7508911861110175,5.527727824678282,12.226578503917372,0.24232996639356288,0.5875239176580191,0.0948642020915121
169,1.57,90.53,17,3,6.23,0.883,0.11989078651951107,2.0578479836294155,4.065192652838046,2.1861831850900715,11.292710125832373,0.459730679715258,1.149981499707163,0.09824889299690168
190,2.16,63.78,21,4,4.963571428571429,0.74,0.07807458930525561,1.7771643702409015,2.5596985317290617,6.930068067172438,11.256341846384737,0.1374793406542743,0.6341356657457995,0.07299314180122568
209,1.92,139.47,23,3,8.161666666666667,0.4008333333333333,0.110406206577751,0.22173226371988444,2.5616752247645898,3.307827372166231,10.826844947286611,0.33029623385192,1.1407513597690766,0.058807121345152286
278,1.59,182.43,6,2,7.857,0.389,0.061292179608667736,0.3030682492818094,2.683718448780932,10.125503658648311,11.522585816730858,0.587514369233262,0.6997225320781281,0.10852920438561256
299,6.6,524.77,7,1,107.27272727272727,0.5690909090909091,0.26723820777630175,0.6125738826711041,3.001394493717478,7.465072542673281,11.458600358395593,0.4899606512748464,0.19036116448474985,0.13649026773438908
345,2.98,275.46,109,4,225,0.8990909090909092,0,0.25559404976554273,2.502464607281198,6.281597067831912,11.77550003903451,0.31680068548670487,0.32060387306012256,0.10298034050041815
346,2.98,275.46,122,4,250,3.1818181818181817,0,0.12713483120735422,2.5104245531353415,6.402332617819248,11.756323887772327,0.3146334261727177,0.31484298609561684,0.10233287985875711
418,2.97,427.63,42,3,7.553333333333333,0.6508333333333333,0.05228247620247252,0.1771918177605241,3.0024680215196473,11.408715972008896,11.57778360053468,0.3365792813278638,0.20099866777992248,0.13603346633037647
427,2.16,376.86,13,2,6.604166666666667,0.41625,0.08646541208351632,0.22400417581170823,3.000831294357419,1.7555682488529303,11.590182913875124,0.5766041433319344,1.0744404964140934,0.13586633617247237
513,12.26,649.04,46,4,14,0.3983333333333334,0.07460470969529907,0.033567761845432045,2.591078409366012,7.4493657274677565,11.44125130772543,0.33717951553811476,0.18329813920013044,0.1378953342207192
527,12.15,698.97,15,3,6.56,0.3227272727272727,0.07396670714325265,0.18801629967284778,2.177148175185875,7.0890115347139755,11.445906871515255,0.5359796352578269,0.1904343743545311,0.13951671245708483
552,13.06,832.54,3,1,3.120909090909091,0.21363636363636365,0.1041876232067216,0.2370865871286014,2.8327933895351998,1.6280098359048398,11.340956300079847,0.4812412639858358,0.3338735479444451,0.14263320500182758
568,11.18,696.59,4,1,8.0408333333333335,0.29833333333333334,0.02931749331239633,0.044819525592504225,2.6925324211499766,2.8910153379535837,11.716799785195771,0.42450501143592817,0.33263264538105786,0.1099657564315913
624,11.97,549.77,21,3,2.96875,0.17666666666666667,0.12718929098512313,0.264268109489101,2.589553274301124,11.079036280219757,11.6203030586701,0.4216084951469413,0.6192896495909438,0.11792692677853629
644,5.94,436.02,158,5,32.238181818181815,2.028095238095238,0.11614198693428014,0.018620889402737945,2.7006267392435133,24.842104989815958,12.089862505346066,0.29862456801751386,0.5435711540897918,0.11204798481244475
657,4.49,345.04,13,2,2.3825,0.20125,0.5260316425982438,0.5550631581175032,2.251623816773834,0.7296340393785612,11.09582251765033,0.31747717855352264,0.5086686064314468,0.16808198936520002
695,8.87,532.27,20,3,8.9158333333333335,0.39166666666666666,0.016438641289070684,0.050870038462755174,2.336981387483744,5.367579366833501,11.68905129952819,0.1837079366133678,0.3300598154640966,0.1345487303078639
723,8.87,532.27,52,4,15,0.5290909090909091,0,0.1223290472098254,2.571081680409431,5.884320857528833,11.673000694150101,0.13783284385905617,0.2061623302882252,0.11517281501686001
803,4.6,370.97,213,5,50.5625,1.45625,0.027940462896126367,0.39862153263584893,2.7491075794318767,16.34157859081512,12.037329500891923,0.2875776430922304,0.41972952092684135,0.1000510922759968
857,5.77,282.71,26,2,5.3425,0.4241666666666667,0.046621537400433545,0.26510485220169155,2.7749873597031827,5.7248204815274155,11.567135582184697,0.41686930307582964,0.3314200816759694,0.09975981223078084
960,3.54,251.93,98,5,20.833333333333332,0.5466666666666666,0.09341987329938277,0.19937168082185347,3.0669717872422027,6.642177302771075,11.304347448810319,0.39048259026228765,0.31395621960961095,0.09943463092268165
967,4.67,252.3,2,1,5.84,0.3888235294117647,0.04040787514354181,0.22875150574267267,2.8391171986078256,4.823230488320097,11.369190584824752,0.2555004219785287,0.4067835801680194,0.1054658797450507
1076,11.49,700.8,23,3,15.166666666666666,0.6375,0.0380670507157995,0.13742286641517829,2.2828808795275823,6.974214289220367,11.553902076023034,0.6227728318265056,0.19366789367106801,0.13716051922158953
1146,8.75,760.71,26,3,9.18,0.40800000000000003,0.06904786825856042,0.04735744034702429,2.2296703202102255,8.331223061737724,11.337111544329602,0.36129019587422195,0.17788979886466091,0.14345981381482023
1162,8.21,637.18,8,2,29.8,0.6960000000000001,0.02122334000113006,0.4427007842558382,1.9661723826067359,8.181452530654958,11.212841334253454,0.29846663585647026,0.17924057058200887,0.14012105864802102
1257,2.96,338.74,25,3,8.313888888888888,0.7238888888888889,0.09352922658578806,0.13377828527523025,2.30175320030258,2.3711648318357357,11.60141362248786,0.22339220987204012,0.6296501502184434,0.1155706785747321
1301,10.13,734.17,7,1,9.5,0.402,0,0.015732724677454592,2.048974107452296,3.7932800045571,11.36259616948473,0.3463430814601911,0.3329891006856911,0.11278296520970257
1322,8.27,549.86,5,2,5.55,0.38142857142857145,0.023171522518781004,0.08594794750131908,2.1172765572940926,14.8749821011288,11.295252694935872,0.2680371181355584,0.28033169670501656,0.12688857164235276
1348,6.73,490.72,5,1,25,0.6181818181818182,0,0.06543704547437348,2.2548446749350703,19.313813168204288,10.698952806146067,0.339475340028154,0.19806450375701654,0.12990403522444782
1405,2.47,313.48,54,4,14.5,0.48833333333333334,0,0.05579685265321496,2.204443144745855,18.860940954033616,11.185504279580414,0.2809092123076824,0.321373856871129,0.11120549529473381
1453,1.76,256.53,15,2,9.4,0.4,0,0,2.661449713765241,12.908065220571709,11.213677192605633,0.2390405395819512,0.6725425916155607,0.12123187029864563
1472,3.99,372.51,138,5,109.0909090909091,0.96,0.1503699142485328,0.10174262872562317,2.5051009554395343,35.842899485979096,11.53457505566536,0.22821074145891146,0.2362472697351927,0.10046497962561785
1506,4.06,388.85,4,1,2.799166666666667,0.30217391304347824,0.06478557229907873,0.23357144039608518,2.1700053115207414,4.128506127309575,11.222460858710495,0.26477454597873745,1.0698339617319612,0.11099348237886683
1535,2.18,258.53,56,4,10.833333333333334,0.5183333333333333,0.0359307204997626,0.0862137624871238,2.178865630849323,6.135479093170444,11.209356657884467,0.28172492407876676,0.5671535283772323,0.09582021695640465
1629,1.12,236.78,9,2,10,0.48,0,0.10696985792759801,2.494882313903888,3.8527781963374923,11.056241121408231,0.3741010509722019,0.7087762660767856,0.11586669813285817
1748,3.28,334.64,318,6,108.66666666666667,3.4,0.1794450436868608,0.243552550356125,2.2014061174218122,15.011540206547775,10.78025503920896,0.29444904351181916,0.5966929003521215,0.1304330461176163
1755,3.28,333.74,2,1,3.32375,0.2629166666666667,0.0921999822143497,0.17247629142792373,2.2590446542894336,14.956288624154237,10.613459437604908,0.327949072732816,0.5991167576018439,0.13110423059319
1823,1.3,243.27,19,3,5.683333333333334,0.5633333333333334,0.07260502672014026,0.12358725757477333,2.7861762384224686,5.241094199311064,11.275965569482302,0.28418601045272407,0.45806388086256683,0.10020844575654496
1992,2.04,265.28,6,2,19.522222222222222,1.6233333333333333,0.038031357795946547,0.1271268002121635,2.527026437964505,6.135425050429946,11.443797066629067,0.5026681400032857,0.40390617321908506,0.1086171828706937
2010,1.78,369.94,21,3,7.0738095238095235,0.395,0.06249053029476819,0.1600099508623562,2.6546613650327706,7.696453002002072,11.60906608888537,0.4748736735680646,0.20852717549552774,0.15251165889761545
2060,2.49,364.67,1,1,8.333333333333334,0.5,0.009341987329938241,0.05116817192534653,2.126809373391306,5.951638676540042,11.64676499479455,0.3103648875151087,0.7209283762524313,0.0880299290400966
2090,2.73,320.74,15,2,4.962,0.3277777777777778,0.10789338093264589,0.23865827191934919,1.50942489237459,13.226783991108743,11.600770532282302,0.662112736340987,0.5640291457848391,0.09470708378123449
2176,2.88,322.71,285,5,40,0.968,0,0.06969206964558412,2.0415081345297765,87.01553104860696,11.194740493658632,0.3183343788746333,0.19527828295123523,0.10784900462924331
2196,2.86,311.74,0,1,30.955555555555556,2.0677777777777777,0.07107155330989622,0.21970780319282107,1.9179499070411095,135.57360356597573,11.126798758505801,0.35944136010860583,0.12865965129237125,0.11969162072830776
2208,2.18,354.84,2,1,4.5,0.4708333333333333,0.04737793696791343,0.38544785036540613,2.6622737313697895,56.20526650907306,11.057198240261124,0.4749195297582063,0.2967394472558215,0.10850559524689907
2275,2.6,277.03,125,5,26.18235294117647,1.8535294117647059,0.08392004299975296,0.17575507135837012,2.4053147399446626,199.56458150887917,10.79518698484718,0.21946114564724117,0.26241623346843407,0.14331409229026407
2288,2.89,320.69,18,3,4.8,0.25588235294117645,0.13134916888456763,0.2784255889124357,2.2022027596783302,37.96962098538846,10.132300279525694,0.8867551647078258,0.22502151353481054,0.16136925128552315
2307,2.14,200.87,17,2,6.383333333333334,0.36583333333333334,0.072202879098453,0.20962571324215248,2.145549915246466,25.99453981428683,11.172680665252834,0.569410349652932,0.5893893432522883,0.10745249636716675
2377,3.04,290.46,455,6,3.0416666666666665,0.18083333333333335,0.14474738668117937,0.22353999768904334,1.700415817412795,340.05622233854535,10.601269461071324,0.3108674305230053,0.22933717141109072,0.14665423484100823
2390,3.04,290.46,483,6,100,1.1636363636363636,0,0.10364452469860623,1.9723555879328252,328.20642113269406,10.884473002416899,0.28094022360727616,0.223744529168427,0.13001607614615143
2423,2.6,333.87,45,4,12.281818181818181,0.48545454545454547,0.08984546088632744,0.4566685880081749,2.1425048169218104,4.683866578144821,11.254334417951117,0.6775863139753181,0.2547582072179656,0.1408271900156316
2497,2.05,253.16,3,2,25.833333333333332,1.0266666666666666,0.11174521339154049,0.10108164011522297,2.197794071949665,38.50829479305406,11.889558647827503,0.7029864564103857,0.261319191508438,0.08433703786108668
2544,3.2,331.13,95,4,17.916666666666668,0.5991666666666666,0.037314860842131425,0.08128434750621437,2.0741632854569607,19.451173248253806,11.4057777520393,0.7047300487104917,0.24527860847039765,0.13085843031917277
2565,1.09,164.53,31,3,5.478947368421053,0.5868421052631579,0.031949970370199,0.3564949405888799,2.0644139226804827,1.6733773756863473,11.718636011214667,0.587431666375135,0.4123181535163548,0.07900933123612333
2594,1.86,220.74,244,6,50.5,2.045,0.08037185465262356,0.19370788264275599,2.2861757401877476,73.49180687767192,12.159844722286683,0.7179599053163669,0.2598344613090675,0.07901029696893742
2608,1.33,120.89,25,3,6.066,0.28300000000000003,0.11273736134986513,0.27625689881484206,2.3112550480718017,0.6899448004086736,11.692224805415936,0.6417765097350983,0.8544572704754101,0.08821906740458117
2690,3.83,394.84,9,3,5.395833333333333,0.2752173913043478,0.09346306551692689,0.18523017796753236,2.0689134583615223,0.8799539789473502,11.671795643631713,0.6623059504565039,1.092681024195244,0.13821159640350153
2718,3.1,336.19,1,1,10.708333333333334,0.595,0.05437354799445829,0.12587204083252784,1.9442319011048084,6.7715992123267865,11.637819020060792,0.7091362479452944,0.26892841985422733,0.1385424727153585
2743,2.83,297.4,148,4,24.3,1.054,0.06734122199524596,0.032002809970078504,1.9679726142247331,20.219378771438112,11.703332004059968,0.6976061965276507,0.27156904746076727,0.07753220798349456
2806,1.01,127.68,4,1,7.490588235294117,0.44764705882352945,0.08034554951619809,0.2941984430099018,2.2274859289787767,15.981673194444403,11.646470349696202,0.6966023553979614,0.6801535025814175,0.09189889527515624
2831,2.65,314.43,65,4,9.525,0.3875,0.009092130223458695,0.1288561848534566,1.9379694573670594,7.696453130090522,11.608427547425148,0.6944024175779023,0.20088194061282438,0.13872998229920025
2877,1.09,163.54,61,4,20,1.098,0,0.03859198198438539,1.9442186345212733,20.224200103659477,11.867756760755475,0.599844234733414,0.5520430348726417,0.1079101900837841
2894,6.17,560.78,13,2,6.320769230769231,0.46076923076923076,0.06974487665217315,1.0332413097969375,2.435582980665917,3.0792341898859283,10.14738344542878,0.6413835086760694,0.22545551783269985,0.15237887607354664
3243,4.17,552.86,10,2,2.857,0.267,0.10751803121539617,0.23313627048306942,2.39364155193228,7.258831047019595,10.160639854795267,0.6252662715705267,0.2019386858535823,0.179615064631046
3551,1.68,184.08,36,4,8.15,0.7999999999999999,0.019400476442750794,0.11858541225631421,2.218238588768422,4.240940757434865,11.530144000176863,0.6451969466606499,0.3057325938261345,0.130451108851603
3587,2.7,227.86,17,3,5.354782608695652,0.2934782608695652,0.1903930817552006,0.2519908509276494,2.225715403387472,6.025332082144121,11.58607347575758,0.7121711236324708,0.940097561058234,0.09127456437568736
3688,1.23,205.56,2,1,8.048181818181819,0.6272727272727273,0.10090706947525745,0.16507367255350064,2.473798037253229,2.384550577484038,11.688958027280918,0.6246170635901115,0.44505244477671113,0.12544341469521905
3749,0.75,149.02,5,1,7.336363636363637,0.5554545454545454,0.10205271615624253,0.248596931756285,2.4632032297240882,7.5289550670553975,11.994341905074334,0.6441030581898902,0.5519372245460327,0.1400872772352264
3789,2.16,244.54,23,3,4.945454545454545,0.5981818181818181,0.036580420481861005,0.20335005282353255,2.4094396559768705,1.3372789159690333,11.379854593673526,0.6605493516158032,0.6079378731182503,0.12682513615491045
3799,1.5,234.98,14,3,4.23125,0.34933333333333333,0.08121587730237992,0.4517704039366504,2.42758617393374,1.2076500856887304,11.36907686631375,0.6601696211506821,1.0032771945504892,0.12694238569290237
3816,1.5,207.62,78,4,11.98,0.55,0.08770567970994124,0.2738696612774546,2.4742615286006084,5.336523299406644,11.78672236186108,0.6553314689926657,0.2862898069738643,0.13474124906414717
3842,0.96,131.06,48,3,5.779444444444445,0.32625,0.08635962362082086,0.28134191188790525,2.5034743479614083,0.8246850521607106,11.91993458770672,0.6479890284620762,0.8040997013826472,0.08772901679033167
3860,1.92,203.64,5,1,138.1818181818182,3.4309090909090907,0.017672771989874544,0.12338739851281237,2.5417188482829354,215.43391922736322,13.235649842076796,0.6031755303891847,0.2450885453910556,0.10555083075696937
4171,0.63,98.77,23,3,5.125,0.68375,0.03736300908317418,0.13253125685531944,2.6324763276019842,0.9104097176631054,11.798550549861263,0.4903723626815537,1.5848680795520664,0.09965358250869315
4228,1.89,200.79,548,7,170.1818181818182,4.134545454545455,0.14590688793430046,0.09140025171436156,2.550803211978085,325.5658707311307,13.519163043584996,0.6214157408078389,0.27128066450836724,0.10684365458268107
4271,1.88,198.8,603,7,139.66666666666666,3.995,0.051660884974338586,0.12782010213221706,2.6929312205883336,335.7685377310062,13.140317987249,0.5969362220523696,0.29610348183159113,0.09520950296248457
4301,2.78,397.04,32,4,10.875,0.7625,0.028578462552094758,0.026303918298551655,1.941311926831408,7.517580125806946,11.830842068584817,0.5672478057383549,0.24944042958720306,0.14545178813799062
4426,1.92,254.62,123,5,12,0.69,0.035533452725935076,0.03440728552622025,1.77453574260332,5.639323624505512,11.732715109573686,0.6861259178451261,0.8247618269761839,0.08854240119415106
4498,2.36,377.78,40,3,6.7318181818181815,0.36818181818181817,0.14257047151709573,0.11827650187032374,1.8473460826831491,2.229233500333269,11.744114979341413,0.6151820532734227,0.878176553013605,0.09401295870279917
4519,2.64,358.96,6,1,18,0.6909090909090909,0,0.010140973088419821,1.794140949829932,11.098128193044188,11.804951330108706,0.7017709688548053,0.27845270600631544,0.08899347377797222
4613,1.94,261.66,138,5,24.66,1.198888888888889,0.01825568317505718,0.18903327996372607,1.7914869913828253,43.868398325961344,11.496104018180423,0.7069985297422398,0.47133610273008336,0.08321448707078175
4678,2.61,330.09,14,1,18.25,0.7266666666666667,0.18116876805896223,0.13927274689128163,1.6762107604497882,26.78804143586649,11.728790883184312,0.717784553091491,0.5531383862917817,0.08051257676563169
4723,2.08,263.24,5,1,45,2.2,0,0.08131156281817417,2.08744218951215,79.44351827075023,11.891799761157237,0.6936461595172126,0.2996248046573739,0.08888324273114043
4730,0.96,149.88,54,3,6.43875,0.6406666666666667,0.18715500046046982,0.3952463367958757,2.1739179661340304,22.631929559715083,11.551777361035594,0.6393349921401342,0.678760260928486,0.09823989049795592
4785,2.02,245.33,323,6,58.24933333333333,3.0793333333333335,0.21430422016789785,0.2613415919401781,2.3754891547255688,86.40434788229315,12.287061821262029,0.6803435917469463,0.35820551849941507,0.09190668251288012
4830,1.78,162.37,8,3,3.750625,0.536875,0.14635745174584244,0.21856832204572485,2.532073735304214,21.150653416544106,11.825171539663447,0.5980256322670313,0.35186367377467886,0.08614186448610509
4942,1.95,205.37,9,2,74.04545454545455,3.424545454545455,0.14268486583523873,0.0473985327933515,2.647983180617284,169.87275712319098,13.149116378135329,0.6043148398157364,0.4089630427549145,0.1246760492859016
5105,1.23,177.7,47,3,5.06,0.8507692307692308,0.06000880020035167,0.5230992322226509,2.436984752488252,33.20962131995942,11.809271589668253,0.681136830500184,0.6835698649465756,0.09528202815238322
5191,1.85,180.63,613,7,174.15384615384616,4.095384615384615,0.0694940676696933,0.13407022634301569,2.7205919205235296,352.81775314936175,13.40427090094599,0.5100654396089132,0.38726711419245047,0.10535446499032405
5231,1.85,179.33,4,1,159,5.866363636363636,0.03720804895031205,0.051929934061021366,2.5504458321150603,322.97150551189213,13.507444514792462,0.5652253082195983,0.43080458441365255,0.11071971149706768
5253,1.56,293.35,29,3,6.833636363636364,0.20909090909090908,0.1768563023442003,0.19771855653742734,2.6034731266925695,7.737819355046987,10.431119589755083,0.6386924042820101,0.5628833277942743,0.1482247058792521
5503,1.78,138.98,3,1,65.02727272727273,3.131,0.10509957047969719,0.12553927395212341,2.6796305657429738,83.77236045020817,12.641022036627756,0.592660674662891,0.7133261045391746,0.14043514413871588
5530,1.75,134.94,19,2,74,3.141,0.04273348189416729,0.07350064349618922,2.6348515953723806,121.90508424969596,12.754101893340685,0.5880442641015698,0.7756555707603157,0.15386937445593335
5731,0.86,190.68,18,2,4.849333333333333,0.21533333333333332,0.09273230138893139,0.19376805631789285,2.06475960024148,5.690481499913239,11.719695914833117,0.6538852494865796,0.5699872503320559,0.10048174857921523
5763,1.31,181.66,2,1,12.363636363636363,1.1109090909090908,0.04080716742797532,0.10623872884207577,2.2425745499355947,9.346872931112394,11.810207344251147,0.5501248424746161,0.5209142292622289,0.12573607425956776
5831,2.15,184.99,21,2,19.846153846153847,1.0153846153846153,0.02795000988731775,0.21549268724316392,2.2380033334336287,10.510794296447877,11.817927761112555,0.6183182514505683,0.512343016332158,0.09412466785735937
5867,2.34,147.59,27,3,7.452173913043478,2.6004347826086955,0.03856824709693912,3.7852080237737242,2.345818363189835,6.812714584484269,11.46264267470931,0.6205955400215383,0.3988408363334563,0.11934494670028455
5903,1.23,117.65,6,2,10,0.5181818181818182,0,0.07564231978003544,2.375182675767224,2.7083814751272426,11.718555421930924,0.69158656405118,1.2658473782346644,0.1082133711707264
5930,1.72,157.34,11,2,39.89,2.228,0.019533049664827586,0.07992085234678493,2.5819169003672093,46.420240875682076,12.995669102723644,0.6228553718999147,0.58431813016131,0.15871977121543768
5980,1.86,148.66,366,6,63.166666666666664,3.7372727272727273,0.06106548581484373,0.15204320068889032,2.6624556865995386,58.317143095836094,13.460171072147824,0.6378081511809346,0.6487904662418998,0.16360847143674154
6020,2.1,271.02,88,4,15,0.7916666666666666,0,0.17208924028833666,2.140446186844755,16.530446996503517,12.062232956732483,0.6180799939497836,0.5558905103022213,0.13344521049626046
6059,0.9,146.01,27,4,6.556956521739131,0.4768181818181818,0.07805195700211034,0.34475595910835294,2.1385687354333798,6.98548436117605,11.685235196481605,0.7009096336245012,0.782899937499628,0.1088151106219399
6094,1.13,137.2,66,4,8.797,0.46299999999999997,0.06725975188174318,0.5811545262192536,2.309442575893339,4.1361867104092545,11.786554337206475,0.7149190461278517,0.320750841111325,0.11156273200512017
6268,2.32,103.75,1,1,4.205625,0.509375,0.058449698585889935,0.29211045118021695,2.5787781402696117,0.555342004942891,11.981721915906814,0.6270284100646912,1.2407508162147352,0.08151384495024
6382,1.85,177.43,742,7,222.75,4.533333333333333,0.1983742926891309,0.10901666630638364,2.5288677810114693,299.62554726254433,13.459070664328467,0.5999741775158054,0.5981622914703387,0.08276323463546219
6593,0.95,231.9,16,3,6.22,0.422,0.07630911941761731,0.1605189452345877,2.4648336144264413,2.3627100171176796,11.669513907796066,0.6067554439420032,1.2789433314556475,0.07363982685032511
6755,0.8,201.08,32,3,8.191666666666666,0.34541666666666665,0.07118939677223589,0.24070530656710612,2.483646319858835,4.219966596794497,11.63258760021911,0.5936945648201414,1.4771530904626542,0.07098913074588213
6966,1.75,204.87,1,1,4.280625,0.44866666666666666,0.16388193452882094,1.4762231035348967,2.627596693924804,6.947509493907287,11.595449439354365,0.6348369302215782,1.1908863965432674,0.08131123181552968
7247,1.42,89.33,11,3,4.9157142857142855,0.34500000000000003,0.08974581643163858,0.27327141380602105,2.3959414159659884,2.3926041522287287,11.811613470703433,0.663046852912136,1.3248795322767928,0.06276447372825304
7291,1.42,252.07,20,3,6.8575,0.44416666666666665,0.0376851885925384,0.4253863373543654,2.403906988272144,1.1596389809686956,11.5620513558396,0.6233184942758566,0.6363649951850046,0.07649100662047667
7438,2.79,199.92,53,3,6.645,0.555,0.0625423280943452,0.3030125943870533,2.263343116380482,2.523451217809198,11.764986559856855,0.6590205760943313,0.19873369203910532,0.06709071570505933
7467,2.24,184.32,5,2,2.874705882352941,0.22647058823529412,0.14271402833834354,0.40497829713489375,2.2627304565339226,4.898104626726802,11.746995993729543,0.6813013437577216,0.2338109815807304,0.06539309069882555
7472,1.94,125.85,11,3,4.125238095238095,0.32952380952380955,0.11213830863788606,0.3174799910585074,2.025110316755029,6.101210509030862,11.769594079575615,0.70162505017709,0.5694914832712877,0.06393659126715005
7517,1.81,138.76,29,3,6.135,0.4261111111111111,0.07236880913934703,0.22294856320809586,2.306049604161647,0.9322646889598613,11.53330839579927,0.662154850575538,0.7901483353868206,0.08786144874766832
7594,3.12,160.9,39,3,10.268,0.59,0.058413766724970916,0.21468926553672318,2.2944939988410367,6.916226556653941,11.602778181614685,0.6262314313791242,0.4323944671427347,0.0734265508900362
7661,1.77,211.67,13,3,2.363157894736842,0.17789473684210527,0.13442437081792644,0.3243181777533332,2.32584547369404,8.377524070063927,11.691715344305386,0.5966497723337308,0.5227827344219428,0.08774011922703377
7708,2.18,200.03,153,5,40.07,2.041,0.16172713665732627,0.09621810322226233,2.2571476286818246,21.0046904216972,11.634115626062655,0.6293618764896567,0.4128895441771575,0.08783762123063535
7783,2.6,230.01,10,3,5.628125,0.2325,0.1453934807750381,0.3456951621059805,2.325174017834137,1.5733419917501252,11.52451630364758,0.6158021468355431,0.6425719838968865,0.08279411909731785
7840,1.68,145.62,30,3,5.89,0.29444444444444445,0.07250519228375316,0.12772606962500496,2.2584245287718305,5.383300530348965,11.714324389356099,0.6385329335337373,0.7674330112218426,0.06928148813708955
7891,1.44,91.14,27,3,5.426666666666667,0.22277777777777777,0.08469350299788411,0.3390021585986984,2.322687270807095,2.292871041420703,11.726128051963082,0.6030728558287377,0.38300194223939393,0.06733552128376726
7940,1.89,247.18,8,1,2.6225,0.1756521739130435,0.11121853208295576,0.4165274710830992,2.4193168449447584,3.144373313384018,11.14749982461241,0.6234845427388336,0.76930993628808,0.08150568575696342
7973,2.6,192.23,44,4,11.563,0.45,0.05514747372719379,0.2587296177270071,2.445036103282358,6.984679130243623,12.138644755175319,0.5899275261117061,0.38585566910579816,0.06660833966374904
8038,1.96,87.48,18,2,4.486111111111111,0.255,0.1347653148378713,0.24258224409011026,2.4613068709712493,6.892271313637454,11.740089080504637,0.6440456823358699,0.5639761069009267,0.06381735655859172
8083,1.15,51.67,9,2,3.715,0.2888235294117647,0.10694972164874086,0.16234300075846636,2.4348606207609325,6.798442305240325,11.791803831619909,0.6365027072332378,0.8226889692640208,0.06495879475259267
8127,1.81,83.01,15,2,6.4575,0.32916666666666666,0.10266503116105914,0.2477663323892284,2.456500819187471,6.89619647516197,11.844803161785142,0.6343203406317479,0.5663457288375336,0.06317642134093827
8226,2.08,103.93,0,1,5.1738888888888885,0.2922222222222222,0.08933980066944977,0.2793820819342522,2.435286855867163,3.3334220653255193,11.867972212817536,0.5794389296197339,0.2886208336799482,0.0651406273112407
8257,2.26,131.21,29,2,6.545454545454545,0.22818181818181818,0.08547466414017983,0.2657224172726524,2.4373461704484973,1.9421499299766243,12.323690904848021,0.6237019672094423,0.3721049733821763,0.11161444146211733
8314,3.1,184.19,3,2,2.435416666666667,0.16083333333333333,0.16572240647083822,0.419668259767139,2.4040778295434575,1.26075370942533,11.030027974793143,0.6145677652098565,0.412408470272362,0.07621951459514197
8325,3.1,184.19,417,7,6.6925,0.33625,0.05013217223836352,0.16320789298598076,2.4123202802317802,1.5701068611023559,11.222199040838507,0.6154946682198191,0.3250990430246312,0.07405048026348987
8383,2.43,240.19,18,2,4.586315789473685,0.2005263157894737,0.11694299013607412,0.18987545757503627,2.4145375986612403,1.0672003370351695,11.197089130476257,0.6014939945439292,1.1546591994250104,0.11383762388890273
8442,1.97,156.11,4,1,17.274,0.41700000000000004,0.09191618197401853,0.2954499603105226,2.447743517215017,9.647105288502837,13.050524764098068,0.6045393128420538,0.3837442011937048,0.11486728079848965
8530,5.57,1259.59,9,2,5.09047619047619,0.28476190476190477,0.08694889875287325,0.30384251851831384,1.5927002599364901,2.817099445571837,9.732446495457044,0.1754987879257248,0.3845512615563457,0.10808736518649215
8564,5.62,1135.4,10,1,1.2683333333333333,0.14083333333333334,0.11159460575853948,0.2630066932557558,1.6525632667572678,9.43320962897321,9.17598279180796,0.17690284936117726,0.565853603070298,0.1444274751678043
8588,3.95,1043.18,3,1,5.543,0.268,0.12996884671324138,0.19571281853503425,1.724333511180551,0.8947853141826027,9.980551019788109,0.12428307523791644,1.1649227836968732,0.11404607213806363
8618,6.5,1059.01,2,1,4.1305555555555555,0.24833333333333332,0.1551462453956665,0.3902338896099909,1.7125646018042358,11.14322848950236,10.19985810315255,0.1651782907083801,0.2723316181733867,0.12919486430421065
8629,5.66,1030.87,9,2,9.253,0.375,0.056508993947180966,0.26044596131526415,1.359678492496984,12.950867686083207,10.245520179945988,0.39019224637384275,0.45286647952153597,0.12419031589873751
8738,5.87,714,8,2,15.085,0.385,0.19332070443137706,0.24188251159651933,1.436400958589994,8.141785641869738,10.281650776489377,0.35074935588971123,0.2165248662927702,0.11435618545968258
8776,6.75,603.29,33,3,7.04578947368421,0.3021052631578947,0.12829998080097996,0.28465593429984876,1.8956270599671325,15.990015353727003,10.54516460657871,0.2806736502959592,0.20036388238757932,0.11860326280623613
8805,4.3,431.4,16,2,3.616,0.192,0.15155719531906345,0.1767084812499927,1.8382782706609218,0.30072976051347533,10.565655946348183,0.2284977823611554,1.153215141970752,0.11255439146177663
8870,6.7,669.56,9,1,5.889444444444444,0.255,0.08145069111998086,0.27835501007848984,2.166149712417571,2.1607607786237364,10.286594300088193,0.22429032021291992,0.6963414933319312,0.11622473411667114
8879,3.98,453.12,94,4,11.922727272727272,0.38181818181818183,0.0881342445042201,0.15397602664066035,2.3869250950562204,9.066519893741567,12.085621435721476,0.34025910937736065,0.347086093188931,0.13403814208769696
8884,4.12,577.96,389,6,91.56363636363636,1.3781818181818182,0.06432911387129558,0.12503889301018814,2.367886548352787,119.82093230010442,12.220810410084928,0.30189803858314523,0.20001993924523306,0.13529228137818608
8928,1.97,280.23,15,3,7.38909090909091,0.44181818181818183,0.08469063179913985,0.720366226921482,2.579715055978702,28.988299202860354,11.08511052872847,0.24595277526952933,0.43491450280207106,0.162947147190807
8952,4.39,1224.85,31,3,5.554444444444444,0.24666666666666667,0.08762501863969764,0.19615826444526666,1.4386562382073211,1.642955058961789,9.004279994938871,0.23553630443283624,0.38950778004290676,0.1301543392992402
8976,9.19,1079.65,18,3,6.586363636363637,0.3018181818181818,0.0842678081344054,0.15385641233370723,1.6598389916318654,8.562265350246625,9.097922776862411,0.1847080346063434,0.4046699591909686,0.19066515122040717
8980,5.95,1080.67,120,5,34.114285714285714,0.8207142857142857,0.09700903359510352,0.40792464612080026,1.6395423671123777,15.00133032674,9.165491881916573,0.1647772336800496,0.561033459062024,0.20760074483944405
8985,6.33,931.6,10,2,6.540416666666666,0.29130434782608694,0.1206231954118184,0.2681738461710719,1.6217207620446557,1.0305730589288533,9.517757344845615,0.1851930553194284,0.45387493248772287,0.1689531659943084
9001,4.63,1111.28,7,1,2.3888235294117646,0.195,0.10418078175781507,0.31556870452552,1.881516615306482,9.849164994014403,9.28785666503095,0.24075041913038256,0.26480387448994963,0.42653368373984196
9020,7.55,1081.98,22,3,7.833333333333333,0.46294117647058824,0.07805248045524643,0.33032297360214963,1.8535344927430082,10.949474095168384,10.02627774642974,0.24390890035681403,0.3369240692983726,0.22302295023696478
9046,2.19,370.57,1,1,5.374347826086956,0.25272727272727274,0.08364614290217806,0.30872048375818645,2.2200692482717326,14.891777081890051,9.960055749037277,0.2533394813029137,0.2791091833852065,0.12666779651595608
9058,5.43,866.92,25,3,5.736363636363636,1.7727272727272727,0.19084611930601583,2.905542315519004,1.5848641092936802,1.1732235355183283,9.756873128540336,0.2859890507136233,0.3137397798408026,0.14684892871831276
9094,5.47,771.16,7,1,79.23333333333333,0.8763636363636363,0.09167574412618393,0.17133462922873507,2.8344232185563096,82.81598881968348,10.884397639874072,0.1868257696544735,0.49127682321366617,0.1218772504026917
9134,3.42,614.18,166,5,29.045454545454547,0.7545454545454545,0.13909713498268558,0.24339138667377316,2.8074188577806813,54.38910023884992,12.161609912515575,0.19037424733489422,0.4308788488071367,0.12837919599355418
9145,1.94,275.37,32,3,6.2675,0.272,0.13735328542237218,0.3831112984268863,2.7143371769468363,1.391885350653053,11.141567353397752,0.17075409166677938,1.5731612816408322,0.13213005870283082
9165,2.59,230.84,13,2,4.792857142857143,0.35214285714285715,0.1320757021824413,0.16109536101158214,2.5049584979385187,20.877290374024298,11.882584267794199,0.2509734033459919,0.5045168975368333,0.1485984290206399
9182,1.24,199.4,7,2,5.386666666666667,0.37833333333333335,0.1595630268730413,0.21226620395730386,2.5846523542959554,7.696453270143137,11.25383169637258,0.25136579402421416,0.5207447586694409,0.13136198103755728
9193,0.49,136.52,2,1,5.46,0.3275,0.10296006881499627,0.5023160018206515,2.8722686604251484,7.696453324234771,11.19192699929634,0.26983889854087767,0.3752684093449543,0.13025652201171892
9224,0.28,103.34,37,4,4.03,0.5589999999999999,0.1437636404924198,0.2696515834252107,2.4518330064265457,0.519179252505307,11.728397599481315,0.20456072338544343,0.5861159698743754,0.13493846467959053
9234,0.48,138.98,16,3,8.92529411764706,0.29647058823529415,0.05428377746094367,0.5141693862778455,2.413583246944791,7.597663523262885,12.121362400812359,0.23326189864259814,0.3071133120546375,0.13269269834312034
9267,0.6,117.38,57,4,12.01,0.935,0.002633037185818791,0.15135778763175597,1.9987710338922677,21.47699835515438,12.3463404635588,0.18159519271904367,0.93443094351964,0.05275148483860317
9274,0.91,123.17,55,4,8.121875000000001,0.464375,0.12383978327003378,0.22184443863362965,2.284254195022216,13.256638152567396,12.598319954775768,0.3511201024570343,0.97283040279693,0.04413752866557078
9299,3.79,587.36,21,3,3.6004347826086955,0.27521739130434786,0.17206387900672346,0.25218094682924536,2.021583936476665,1.1738429346593289,10.836787684198624,0.27730904114790644,0.8769040653311072,0.1430999776537627
9309,3.3,663.9,9,2,6.197058823529412,0.25117647058823533,0.10705655980713084,0.27614682374907856,2.303503510556854,7.696453004273518,10.533601914588091,0.35488218535723126,0.14505877343356802,0.14508073845663408
9313,1.82,468.28,106,4,4.598888888888889,0.16555555555555557,0.1984652961911982,0.3970189672917865,2.295009145784307,7.696453002046937,11.118939732074185,0.32353278622547665,0.16191043418783055,0.11651123757219518
9359,2.11,376.32,44,4,7.673333333333333,0.48083333333333333,0.09642400376625286,0.25478371529895394,2.924324643882868,2.6882215636827183,11.529067620458086,0.18201738803406087,0.3550867454203541,0.12689691368897665
9384,0.82,185.4,5,2,7.551666666666667,0.4861111111111111,0.0601095528963549,0.1774031159428111,2.284063090162914,6.110802749600877,12.154387232602396,0.2420415829286092,0.45125208715057824,0.13208360826193666
9402,2.05,384.63,12,3,3.3011764705882354,0.19470588235294117,0.22965697416339834,0.14540010575024942,2.0767771758166482,7.465072590576909,11.846455559122079,0.3175115016153616,0.19673145832805078,0.13001807694404452
9406,1.6,245.22,28,3,6.062941176470589,0.34705882352941175,0.1026485363424916,0.5826972222847592,2.746721675727087,7.465072598469293,12.14064384901288,0.2801850720158509,0.4230198165446846,0.1379781200088967
9431,1.34,226.25,48,4,9.038461538461538,0.52,0.18081484827211014,0.36916065039331664,1.9822142612537779,3.0754645977872572,11.626053772924461,0.21859181232001404,0.5301732563997306,0.13764064196743428
9436,1.38,217.21,2,1,17.3,0.6799999999999999,0.08638347503452753,0.1962009421195049,1.6558806580192518,9.337216254203911,12.097347761022812,0.25701103846558193,0.2501448088953299,0.14639955179676756
9453,1.04,142.47,36,4,5.791111111111111,0.5449999999999999,0.18924863984839427,0.23271158324958227,1.929075998478417,7.971871331941489,12.248394085439747,0.3142511044756212,0.2579799610103276,0.13367918469954534
9454,1.43,153.55,9,2,2.7125,0.28,0.16209263200104848,0.472631628872286,1.9832520126869637,0.005934336390708755,11.934773748925773,0.34579698066234166,1.5413773395349748,0.08103283648136482
9481,0.77,87.86,27,3,5.806363636363637,0.39090909090909093,0.05581930197893719,0.20222397876583614,2.225748446500579,18.004330135746414,12.198705816549769,0.32408350544031944,0.8435307844746893,0.07356897269034327
9489,1.6,270.11,65,4,14.87,0.61,0.06228802389599868,0.20373062166456013,2.0545060876904433,5.132129743089071,12.512561180288117,0.32772014313284514,0.27738563556443613,0.13970990810968512
9559,3.24,452.18,7,2,3.5095833333333335,0.24791666666666667,0.12350870619106896,0.3532437765385205,1.787485554361754,13.292195162683088,10.955360763283467,0.32013924149317097,0.3932636261268744,0.09687901277542069
9561,3.24,452.18,4,2,3.4455555555555555,0.21666666666666667,0.13637753891300025,0.31819189843946305,1.787485554361754,13.292195162683088,10.955360763283467,0.32013924149317097,0.3932636261268744,0.09687901277542069
9571,3.48,464.63,142,5,81.775,1.1666666666666667,0.11113257763756564,0.4236706810851227,1.920028997571287,9.17837020345006,11.960191513003064,0.3179362379568383,0.9040380568136369,0.11397846215694235
9591,2.09,271.68,65,4,3.27,0.26416666666666666,0.12676804249775112,0.2973951463909922,2.0756522712550254,9.27331029336082,12.163867444101482,0.2933977276919983,0.38540382696857534,0.12319588790463804
9622,0.93,146.79,83,5,6.082727272727273,0.5018181818181818,0.08538279336402162,0.11283386673105501,2.0919180174740815,1.5780035103779706,13.031843400010109,0.4271647544747491,0.49553682630738094,0.046416245437439003
9637,0.86,132.37,48,4,3.047727272727273,0.37227272727272726,0.10187846784340995,0.19101325529121807,2.069204178197326,0.005934336390708755,12.271947315927143,0.3239258680254941,1.6230322472977108,0.03113798870113591
9641,1.17,95.62,32,3,5.306315789473684,0.5221052631578947,0.07111569677536496,0.32457538081507686,2.100680752742631,0.680271625057992,12.614332608923378,0.3155452649469675,2.7314960636347507,0.02300668482221462
9701,3.08,374.86,18,2,6.285454545454545,0.34863636363636363,0.1259468492207723,0.3700120271253492,2.06503715269751,10.772128419950771,11.780366389585573,0.2992218764509373,0.2518208853542713,0.11710636474446534
9710,1.46,275.71,18,2,3.9655555555555555,0.3027777777777778,0.20969285780699862,0.4682878216562272,2.1193103101360045,10.578205368387147,12.305265290962277,0.31028454301058567,0.8946252721421597,0.037027075567036986
9719,1.7,265.06,50,3,9.83,0.497,0.05468842342101976,0.28439979372508317,1.967745226347264,36.07875356987099,12.343777317969826,0.33645357476026083,0.37618934457861697,0.062447600680880615
9745,1.11,114.14,24,3,5.8925,0.39,0.0841962322930397,0.1945429367386904,2.1470724850551814,13.29596293341181,12.665528392919123,0.2682521474101747,0.9563744950532739,0.04355064553933784
9764,1.52,195.04,10,2,1.6773913043478261,0.1591304347826087,0.11331700301924255,0.4511371926727459,2.469163979451559,7.712149554035799,12.382702848842134,0.32921396713821277,2.3382223899727053,0.06294284838041415
9782,1.23,150.38,3,1,7.45,0.46499999999999997,0.13342038807827306,0.5034279531492312,2.56053051244804,1.7062292354527375,12.980851798587473,0.35618433144949013,1.9268202977449376,0.08262299978261914
9788,1.48,174.74,16,2,6.8549999999999995,0.38583333333333336,0.14690508386142143,0.37533569270110095,2.983217003882784,19.564092881097775,12.955351702314632,0.27768026043421373,1.0136103634114906,0.05625346918103385
9810,1.04,119.04,46,5,38.714285714285715,1.5764285714285713,0.04689955050201052,0.15477558786493012,2.343452149870289,16.697446638766987,13.619310835598485,0.37539325720653766,1.1492745963704114,0.08735975600182229
9816,2.43,349.41,880,8,432,1.586,0.13176156917368248,0.09045715999561015,2.555972180960576,634.4890156991527,14.489278827076028,0.443299358480703,0.2597506665889462,0.0865352155314957
9845,0.85,184.87,23,4,7.127222222222223,0.3655555555555556,0.07820237587036259,0.35965068588981125,2.7851917237220545,21.005777107436888,11.76791523765478,0.2614044126916247,0.5437530787478746,0.10524254630854613
9863,1.15,153.79,23,4,5.4383333333333335,0.4633333333333333,0.12927136860525137,0.2738041587820615,1.3595003034588673,12.109804536810511,11.58407049157436,0.280655371765094,0.9329641257998058,0.07930778312629226
9935,2.34,202.35,16,2,3.7775,1.0485,0.14111277765863214,3.581702167238783,2.1112844376644113,0.09120522815243508,11.277036864293065,0.3116880212746046,1.359045121666761,0.11247764810566327
9971,2.21,194.36,12,2,4.466153846153846,0.33,0.04588293511814018,0.16130019618859912,2.359507966099995,3.447093117429863,11.587553131451354,0.196021627883355,0.9709685386965354,0.09589041192404299
9972,2.21,194.36,20,3,5.031875,0.4775,0.08741008419194089,0.24030596129924614,2.319014819340684,2.4455119648806094,11.596033267070036,0.1935560867473204,0.9387527418025117,0.10975663611968339
9974,2.48,212.15,18,3,4.334705882352941,0.3835294117647059,0.11947889087321999,0.17897530986604349,2.3709934302977014,1.0700984771275328,12.14600699322535,0.2057492326999816,1.0384777197220363,0.07142965035803842
10017,1.68,140.6,18,3,65,2.285714285714286,0,0.1714790018542302,2.4158571489461593,95.31786962539971,13.517690387117161,0.3296605410171618,0.3615252413941248,0.0755747014096599
10022,1.65,130.47,34,3,9.185,0.45999999999999996,0.20098430141592122,0.3395760728655068,2.3085254172413094,30.446651272035826,12.41863877375405,0.27992388094071075,0.42566126767221574,0.097630427166643
10030,2.03,126.68,25,3,6.21,0.30722222222222223,0.10532869518443874,0.45168581938177615,1.8842344109541465,3.19462473083463,12.129172628382769,0.27246853333556315,1.549348649050105,0.07339713375095643
10056,1.43,223.28,10,2,7.181739130434782,0.29304347826086957,0.0848324230354054,0.2605840622964658,2.4980375858188917,0.7017361211865716,11.727019811031479,0.26983366265111897,1.109167421979179,0.07237976902898052
10058,2.77,229.81,14,2,4.709583333333334,0.20416666666666666,0.0715974245507922,0.23285378722482164,2.5469869597616093,20.672008514337534,11.655100302952265,0.262777947913074,0.9442072254449856,0.06572114791855067
10075,1.88,182.64,34,3,4.382,0.31533333333333335,0.07336245606206168,0.2402824716300778,2.6064621054464374,1.9131622430832498,12.422218418434301,0.26255499869710996,0.518726627946285,0.0707130951931226
10081,1.49,191.38,2,2,4.687333333333333,0.3453333333333333,0.18839424542801986,0.25804639438846677,2.778902201992915,1.4367932965016281,11.376079647273741,0.28461116461314606,1.0530620505988024,0.07891699951237882
10102,1.64,157.4,7,2,70.46666666666667,2.228666666666667,0.02564889633249945,0.19459451232340713,2.678511189590057,107.93216621555398,12.883950621963434,0.3036689649753502,0.4025493127269277,0.11211453310525252
10136,0.87,119.82,2,1,4.773571428571429,0.30357142857142855,0.14764011512654238,0.2152770559221176,2.977683067574658,9.746425573521945,13.01583859364402,0.2607968498796384,0.8450524017449417,0.061070099077192984
10146,1.17,99.91,2,1,7.008461538461538,0.1976923076923077,0.18319459745516253,0.4222820796149032,3.0106360243945396,0.9090985562802106,13.130763914439237,0.25051632815007535,1.088074382816865,0.06258406285946994
10153,2.16,296.77,104,5,123.84615384615384,2.7746153846153847,0.03359209262854648,0.6225675065211059,2.793502108232542,777.4364735448113,14.710173623007835,0.4477937900252124,0.2711039235117115,0.08041310899986169
10189,1.34,183.57,60,4,25.928571428571427,1.5221428571428572,0.1205117604027129,0.32170494120717663,3.1013879337982813,19.198096238439728,13.25248901601386,0.19661973168735894,0.8644036939183346,0.05040019786354443
10268,1.28,54.01,22,2,4.212105263157895,2.048421052631579,0.09555469272950204,3.727919220274798,2.837564617280937,21.263375107024114,12.560193951760503,0.20254403512699318,1.1238048733867585,0.0810807672772689
10324,0.86,61.53,18,4,6.9471428571428575,0.5914285714285714,0.10938937381271512,0.32018342716181336,2.992530855962696,1.8740161533875914,12.637022914698102,0.1789472685117056,1.1981235855869519,0.06082264384124658
10338,0.85,53.7,26,3,5.0407142857142855,0.32142857142857145,0.21832077450669898,0.2840542195077076,3.027376063158067,1.1478961352205637,12.804463742744794,0.20900408053010583,0.5652939811231683,0.06799775986698166
10344,1.76,131.18,30,3,6.924285714285714,0.4,0.1190665098165397,0.2116782754741079,2.43193811658053,1.358329920481218,12.600138184246433,0.1319878009476317,0.5831499142926777,0.06261064059429139
10380,1.71,111.85,10,2,3.3023076923076924,0.19076923076923077,0.13729158318447937,0.2719259092818196,2.4590396663071985,10.014203319885551,12.785450083570147,0.2105891465450135,0.6473819412889341,0.07763380627657289
10392,1.34,135.1,16,2,6.367727272727272,0.425,0.14462798052177145,0.3318636243259665,1.5063306274247898,1.5951311839254343,13.386996781611026,0.4815020530472396,1.0176799323949997,0.024109806098715554
10426,1.75,143.22,6,1,3.405,0.24222222222222223,0.3860537099170169,0.5348363270856088,2.2944988673566975,7.374869554686161,12.780774767641127,0.273884668786439,0.6362264034383464,0.04565365927898316
10468,1.37,152.95,20,3,2.018,0.2335,0.07223408400680514,0.5722679754836059,2.398798921915283,0.6738197415696363,12.020224320247603,0.27474647579320444,0.457237273676926,0.05859681775848784
10502,1.5,105.44,59,4,12.578181818181818,0.3372727272727273,0.07710358028660924,0.2547419374816315,2.435376467892627,4.677426538388808,12.068977095240516,0.3000819326476942,0.4883872864795797,0.0587212580032923
10546,0.92,42.33,31,3,3.745263157894737,0.26421052631578945,0.14988827236242258,0.4694033830904363,3.4838246866126665,3.922044573463213,11.912793036863087,0.3164961485228477,0.7893968603178828,0.060872597438880294
10565,1.66,133.37,5,1,4.8661111111111115,0.2238888888888889,0.06195290337127318,0.19386812120638253,2.1852160126344597,5.946055253678679,11.417147274893622,0.27902528321721365,0.5905276297532926,0.09640006601972233
10647,2.22,122.31,23,3,3.696470588235294,0.3241176470588235,0.1059816131615497,0.23949825159780205,1.8452146416995754,0.8105739429294861,11.769853018967599,0.26215017135698954,0.5100904243398181,0.07438445880263095
10734,1.23,98.26,35,4,6.206363636363636,0.3245454545454545,0.08857849600463029,0.2956582301324111,1.97315801114626,1.3799628421205559,12.558426242423717,0.24994792953389416,0.43628801597872474,0.04801481807317822
10844,2.35,221.06,1,1,6.634347826086956,0.23173913043478261,0.06849670617795739,0.29053813390220695,1.840040954966194,3.0799440619366014,11.490834367793365,0.3155858542916954,0.3698225786452843,0.09289779589790541
10925,2.48,227.55,3,1,5.062083333333334,0.22583333333333333,0.09950432366081559,0.32353237578939625,1.7876104430072968,4.533174805785434,11.508006044679037,0.2993662805573616,0.4495796910335322,0.08157787779382605
10950,2.38,182.09,45,4,17.666,0.487,0.05151393501210366,0.2754994239275402,1.8491918390083,6.125447171235238,11.688547108107931,0.3129266797359629,0.3109291178465177,0.08243924425709202
11067,1.28,76.82,14,3,4.7275,0.3308333333333333,0.07656636217725768,0.2617576818205888,2.0726232620196132,0.6114694650156149,11.725730585944719,0.28733707665253844,0.33163212811372017,0.07339422073237775
11224,2.55,111.61,40,3,10.677,0.489,0.029594780701334793,0.10754304634361499,2.0635599328962075,5.5931177552466265,12.3264217979679,0.3845462041233178,0.2972019172635535,0.05219827417180767
11245,2.48,93.29,2,1,6.704285714285715,0.3657142857142857,0.07901248869604909,0.1651008806192444,2.163855584904614,1.4500919418502156,12.055320050211131,0.3164455149061848,0.32295040885629933,0.07505172587157874
11290,2.61,190.17,28,4,11.867,0.444,0.10785998079590067,0.21660167509745712,1.8682803514872806,3.4611647036630115,11.879246965311776,0.39323322845615105,0.839667758634026,0.08942129472931089
11302,2.37,190.18,12,2,4.526470588235294,0.22176470588235295,0.08071217780191113,0.27300506112165723,1.842108223611165,4.727044870889786,11.744342843006669,0.3042531679629749,0.6436404470324215,0.07982399158208914
11329,3.62,147.38,5,1,3.01125,0.17041666666666666,0.09170373832973508,0.5166478337067919,2.111182965279701,4.747750721698005,12.406606760281841,0.3327107238830892,0.6658842620082966,0.08134225673545983
11432,1.14,41.47,14,2,4.4470833333333335,0.20166666666666666,0.05506676026026978,0.34685068271989855,2.213168859359205,0.27778005869627836,12.368420097009516,0.3303128883394867,0.5638324659157171,0.07815222451383635
11456,2.32,114.51,11,2,4.493478260869566,1.3447826086956522,0.0887027671738659,3.9968996963392427,2.087192161752373,4.93577992353534,11.9860133737118,0.3677329301938256,0.6362872952115741,0.07811694756117148
11539,1.75,147.64,26,2,6.99375,0.25333333333333335,0.08896868028849149,0.2855201203600803,2.077097360146039,3.673779036558442,12.379382899353313,0.4258365880790895,0.4147418331060757,0.07155309276998055
11602,1.97,181.15,34,4,15.209,0.39,0.05466349116156922,0.29384809295164244,2.0085298515644796,4.732694152609975,11.977903392105782,0.3754203249556033,0.6677435819491384,0.10552674511261503
11605,2.5,160.47,30,3,10.373,0.416,0.05847819512487402,0.20150292062820394,1.994620625103552,3.9182269927104323,12.281431493498538,0.3768471226052227,0.6334555814792537,0.06940476101914933
11735,1.97,159.69,22,3,7.065833333333333,0.2675,0.07971797771652135,0.2576457710671069,2.373431994324357,5.328458548915655,12.534612742719407,0.31510845354060496,0.7305277627126043,0.08059966780296601
11743,1.57,104.55,40,3,10.215,0.369,0.27733657531364786,0.28234326588546166,2.6093167722586212,3.682008140356353,12.793532496255514,0.3210767008320152,0.4390468077291577,0.07710592027227278
11745,1.91,107.32,14,3,5.811578947368421,0.30526315789473685,0.05278150582542265,0.20642506942686198,2.623616144527198,7.788093246726048,12.764654885906047,0.30136947937464176,0.5371520404784029,0.054224408482634524
11875,1.94,148.83,17,2,3.716315789473684,0.23315789473684212,0.07585536099307344,0.589467415767305,2.056998335166797,5.78519989022831,12.081075177957194,0.3003286323232688,0.5614376333149845,0.06048357699381631
12007,1.58,100.11,45,4,11.83,0.413,0.11614715667793893,0.3773668144447122,2.4365534793700987,2.3395257690560505,12.57972408978223,0.25081747663269477,0.5167073607379414,0.06543104895009838
12060,1.74,117.33,15,2,3.81625,0.27166666666666667,0.11290186708082738,0.40812033519520063,2.651438186624491,8.337927046944579,11.743318260769005,0.28345626133313795,0.536744061938563,0.09094629457859199
12291,1.6,116.17,9,2,3.417894736842105,0.17789473684210527,0.12290811930850581,0.41119648401162495,2.608664454653329,2.181404481086292,12.20137254935774,0.27258726174634995,0.7681437633661999,0.058369267972958154
12316,1.52,108.64,54,4,14.370909090909091,0.6218181818181818,0.037563608534898596,0.3590846852144619,2.7362180239062672,4.17555319010076,12.446103843252665,0.3160022974944109,0.5052930535538386,0.05750726890161063
12325,1.15,79.9,11,2,3.2888888888888888,0.2477777777777778,0.13269766154995938,0.35497225479783884,2.8961460357101236,0.6549351998833507,12.068095677493195,0.25892977163820996,0.6209997986137384,0.0620475555365916
12402,1.41,78.18,64,4,9.379,0.9149999999999999,0.06278177743742303,1.580084564413975,2.8194308462638853,14.895320960797715,12.575738835182666,0.3357632789827374,0.7774335825888358,0.053307156047686315
12436,1.3,73.09,174,5,67.3,3.391,0.06572693173861766,0.14298055291127512,2.923965525329072,14.028741568577445,12.613906820971506,0.4178565201813552,0.7234620100068473,0.056852955737378856
13778,6.25,1038.13,4,1,1.9408333333333334,0.16583333333333333,0.2805499756243917,0.4792898047409687,1.7259948508550373,10.531878952651448,9.7538882861374,0.21438736185622828,0.31363502090761586,0.11788727155036532
13844,5.18,672.45,8,2,2.436086956521739,0.13304347826086957,0.17830745876282783,0.3528641451114887,1.6978213852808817,9.190089735290318,10.212959954136858,0.2820793583943438,0.21117173948579787,0.11533112828520976
14144,4.75,1091.91,12,2,3.7041666666666666,0.35625,0.07732672106234947,0.3454593155760426,1.5632754530228476,8.387500537747153,9.12341659050335,0.18829740821935112,0.4260210700165444,0.15114664475063824
14184,7.68,881.44,17,3,2.5411111111111113,0.22166666666666668,0.1314082671858153,0.2965316463419363,1.718419088671923,12.662142235995441,10.214065651005113,0.24516702905762705,0.37064419686369676,0.20695851740972637
14652,4.37,502.35,2,1,1.76,0.22916666666666666,0.07592096705236828,0.34981330214290485,1.782095631312282,8.195071916961501,10.82404233999626,0.3072813489042608,0.4652377344744294,0.09078218315267005
14707,3.04,397.82,9,2,3.1391666666666667,0.19999999999999998,0.12501373663280918,0.1296849328880646,1.9660984029922774,13.594396288421153,12.645365477789976,0.40569105390565535,0.8224921580126521,0.15159420571243637
14740,4.84,729.16,9,2,3.7275,0.21333333333333335,0.1425707458884806,0.3665598479908716,2.2574666182301684,7.96444403373415,10.1658681184316,0.35839363891045317,0.1716047274437105,0.09274940818705105
14771,1.41,205.91,66,4,12,0.54,0,0.11905741680238217,2.0159220864708653,4.637489461269715,12.661891092752343,0.30989327433317193,0.4329417299304905,0.07481286058314099
14778,5.08,468.16,7,1,3.683333333333333,0.16333333333333333,0.11283583670864618,0.23688179167400317,2.396948647521683,10.684791397219675,11.700363293371172,0.3249184505501096,0.2532775955092846,0.11473255975529328
14796,1.95,314.12,4,1,1.69,0.1709090909090909,0.25024759281172604,0.3335153041853534,2.2799348966446202,10.691715924223034,11.9811605221743,0.30831346943911014,0.25285835087192565,0.11953691926607146
14893,3,268.01,1,1,3.762,0.234,0.11133853899627269,0.23162936323849395,2.3471752115612783,1.660374696949733,12.025096776961808,0.3976038193291874,1.2786250746299184,0.0856852519237188
15604,0.96,103.93,18,3,4.9270588235294115,0.36823529411764705,0.08880483303351278,0.15636705314525995,1.3476302096110566,11.535951362645799,13.250410938048335,0.3931047703952903,0.25761185898549877,0.14558103565431665
15613,1.39,49.18,24,2,3.601304347826087,0.37434782608695655,0.0975229029482491,0.4286850108974573,1.8004454241084615,11.567152095052815,13.001957850601254,0.2877462576874056,0.28866007914041486,0.156118859294364
15652,1.4,74.43,35,4,11.9,1.077,0.19289126387324165,0.22990998085227463,2.002643644744222,11.684694107077544,13.30900252830481,0.24105963469930597,0.3423745933852537,0.15438790276611067
15792,2.44,305.68,13,2,4.52,0.32130434782608697,0.09195762231381993,0.28234776746676316,1.7077606194554364,9.43315500492286,12.051124403792839,0.2972919090512986,0.2758160135080989,0.1214003027898562
15813,2.41,274.1,45,3,7.441,0.382,0.13870603996791525,0.2686135449678175,1.8505695813585108,8.093393735475578,12.525635933259611,0.2901471509281937,0.5990863211666956,0.1337413520023021
15818,1.58,145.25,15,3,5.73,0.676,0.23386123479773133,0.45253271478343143,1.1584686542924483,1.7631816930662372,13.029577801717036,0.45501251198674036,1.4097079631338527,0.14141802202716094
15844,1.63,214.82,2,1,8.475833333333334,0.3466666666666667,0.1259260853240144,0.33804607367782585,1.692779327262205,1.3129717093014348,12.493051451600412,0.3336875790254138,1.4285629531696673,0.12693045441496645
16019,2.51,211.11,236,5,68.26083333333334,2.89,0.06344462483289329,0.07306023174021489,2.1547689505585508,36.64331459478453,12.925314555434763,0.37852460460929904,0.33254050231372173,0.16848008228941425
16045,2.69,364.32,32,3,18.32,0.569,0.06654514963995609,0.20011668443285616,2.0007538163519842,17.160100204757985,12.054284472941418,0.26134441396091473,0.2610707530774416,0.12418096896286168
16107,4.53,491.04,389,6,120.77692307692308,2.1815384615384614,0.03780998032557766,0.36486516945441744,2.253776491494855,125.89206426970104,13.235449342246186,0.2736448801003461,0.4883889051014898,0.16310785437811903
16113,2.65,154.54,23,3,4.321666666666666,0.44235294117647056,0.16543234169147966,0.3059731775189176,2.221463631895623,10.1984196760707,12.324853165697757,0.24696585069140267,0.7655912319731147,0.1355478772084454
16122,2.58,166.26,32,3,6.980952380952381,0.47500000000000003,0.08174105247987633,0.1529607683255465,2.197305520916174,10.205075675680048,12.922149395851882,0.24270914592926723,1.1100984888867877,0.14378267045784046
16186,5.16,654.46,2,1,4.869583333333333,0.2882608695652174,0.21712828237390525,0.2203125676328475,1.275560047557402,5.33692442091962,10.373810704782162,0.40816892983677255,0.394651595884808,0.11642300045207865
16188,5.16,654.46,40,3,12.464545454545455,0.46181818181818185,0.051053179402504534,0.27506276796224643,1.1571251915045602,5.638916465811794,10.633522700303079,0.5116676486283387,0.5958443394194542,0.11875815566809418
16201,3.24,347.27,1,1,2.0278947368421054,0.1361111111111111,0.24915325718105855,0.22558936212896866,1.5851422635164691,1.5031581106900795,11.524388940113578,0.38744516424097636,0.46902787711855026,0.11181726193940562
16202,3.24,347.27,27,3,8.3,0.23833333333333334,0.10982435540070204,0.16478479427873266,1.6113311532203127,1.6321459197513917,11.611315919388861,0.36385656532725463,0.30361167602280953,0.11375852622432468
16228,2.72,836.69,52,4,2.088,0.27578947368421053,0.23907813298695582,0.25246520055692157,1.39413879504493,8.190045022667608,9.443724946795701,0.41141046159902284,0.36933293263001726,0.0794841444965645
16242,3.8,279.29,7,2,3.377083333333333,0.25333333333333335,0.17493371874646235,0.26355804816948364,2.092270280733743,14.958173188487908,12.477198062109588,0.40014558505543607,0.37078715799609907,0.14960307719869406
16263,3.96,247.41,17,4,5.606363636363636,0.3659090909090909,0.07286562339486481,0.2290656668058886,2.3692364886534643,1.6996925359204005,12.057692001778404,0.3081588328959465,1.8744667820786387,0.1337753811850417
16300,6.05,500.36,16,2,7.141578947368421,0.28578947368421054,0.14475598035383563,0.1849023386351017,2.3618961038218265,27.274430277079414,11.25752681068022,0.3298089284002754,1.0754571580114178,0.12589755307368658
16362,6.29,674.31,6,2,4.2179166666666665,0.23583333333333334,0.08710450598714545,0.25956285128055806,2.0645475047257493,59.532918517850405,10.686289418838575,0.16656305391334433,0.3227291630466748,0.1754935586042037
16388,3.36,534.46,25,3,6.5183333333333335,0.29,0.057408889731520425,0.2601314286611253,1.5637802665820195,33.19662014460962,10.357490726180306,0.2917734962651286,0.41794932543611074,0.15958697887173684
16399,4.81,686.98,12,2,6.286470588235294,0.27647058823529413,0.0874513982667191,0.29961874068410055,1.6808308148555566,23.80870162849465,10.00346172283745,0.3513469134679282,0.2688885057598945,0.15645428903959685
16412,12.14,882.15,27,2,8.115652173913043,0.32173913043478264,0.09701240812956945,0.23977565216414642,2.0659681384440685,1.1617572153252915,9.327881320733788,0.23857091667469432,0.24271685732910772,0.4430968901277195
16504,6.2,1017.98,6,2,3.410833333333333,0.20166666666666666,0.09143792688569459,0.3559772230582365,2.076279490294047,17.135014921623018,9.564965878308211,0.27041583621890986,0.16898044847745977,0.2198923429718141
16505,9.05,1034.18,7,2,11.260833333333334,0.26416666666666666,0.05484865218648959,0.19930409543595998,2.3310357117116065,3.509189472475925,9.622720232814785,0.4329277781374938,0.37674022437713356,0.19847743591926134
16594,0.36,127.34,41,4,11.191666666666666,0.61,0.08281435914154345,0.27794236923622767,2.08768905819183,11.714389757478534,12.997594432870672,0.28218120623795023,0.2726668246210124,0.1568530548714823
16621,1.88,102.66,107,4,26.854166666666668,2.9033333333333333,0.012837434000643435,0.06677701604638754,2.2287861512758096,11.726178289699229,13.973310044517083,0.31860575910878003,0.2954457540202304,0.16711488640543068
16640,1.93,149.86,37,3,6.7491666666666665,0.31217391304347825,0.08876653967155505,0.3026587113626532,2.1609982509941283,11.69142497308113,13.530410367266867,0.25075975790256977,0.28196197714845966,0.15527457743327933
16654,5.66,512.2,531,7,158.65454545454546,1.5045454545454546,0.05425077689588385,0.15443309720286416,1.6859738765317025,201.51259156055633,14.066747995014019,0.26191468620119207,0.24308877316538005,0.20819229376120035
16658,1.39,105.7,33,3,8.2825,0.5416666666666666,0.052834209401905384,0.24042995376637483,2.030627596766719,11.726735404361808,13.338756954259338,0.2204913357048554,0.2741757771805723,0.16036525984208908
16669,2.49,99.35,45,3,8.559166666666666,0.4683333333333333,0.0755470742725913,0.39653193765992045,2.0512327715846133,1.813478774691858,13.588184992990517,0.24152815511789194,0.41712247582123024,0.16648548770142083
16680,5.11,613.87,476,6,124.19166666666666,2.6045454545454545,0.03383691685269408,0.11108352559687253,1.516203329737953,20.143349006664213,14.25513072588709,0.3230151905174155,0.4833384014806574,0.19136056893080006
16698,2.12,154.54,14,2,4.501666666666667,0.49833333333333335,0.07731116239784669,0.29064995357678075,1.8887909865281014,11.694349510441349,13.532750239682459,0.22233655486225132,0.2723848085431729,0.16520270736777362
16747,5.57,722.07,334,6,99.68333333333334,3.0475,0.030535406852118682,0.1563091525744494,1.9070174834592866,46.87372620710097,13.660028994818648,0.3367369325781025,0.6953877147213248,0.16414263025609185
16753,4.97,319.2,12,3,5.346666666666667,0.3616666666666667,0.04403486920834894,0.10989557865512517,2.2032469865160746,10.796249471621865,12.510944301883006,0.26419481967876207,0.25323280909240237,0.15362056484766895
16809,5.44,492.37,14,2,5.408333333333333,0.21166666666666667,0.10982174719454817,0.1646436530083517,2.1448569244935833,8.41308716395628,11.657674468310036,0.25566653692556324,1.3029021217055856,0.14744811990563894
16860,4.71,622.18,12,3,5.677,0.219,0.07695239323315253,0.15737055738889297,1.9922886586510116,4.807753729355846,11.047081767100636,0.30584884863728873,1.526867515674414,0.2576232717963797
16911,6.19,887.33,215,6,82.64,3.012,0.023789110191115268,0.09265532754546715,1.6345365107540486,79.63056988673384,12.716768016680069,0.2692973731634685,0.789379653918139,0.14939878204973248
16932,4.46,963.77,3,1,6.277916666666667,0.17666666666666667,0.05881398070916424,0.2262099152360029,1.7805000489909084,16.30189735116098,8.610227662270868,0.24264140369951842,0.5681685341443683,0.06611120872440816
16944,5.8,1071.94,18,3,6.318888888888889,0.275,0.06303847642118639,0.18383903677905372,1.9932392922516693,1.7722303862865187,9.075018343261238,0.22391603065822885,0.6503107329451604,0.4676943432982029
16979,6.25,1034.69,11,3,4.131666666666667,0.22416666666666668,0.09188575855651056,0.28637231939060576,2.11027487543933,8.464877174272756,9.066251007007434,0.2185029710791014,0.3368002229126945,0.2962259345542332
16990,4.16,1194.71,4,1,2.486666666666667,0.23041666666666666,0.10951511851611952,0.23787462788289834,1.7502200962248375,9.592789150356323,8.086561841478948,0.2330233645115633,0.4766753630554804,0.15389093962122
16996,8.08,961.05,28,3,8.06,0.24541666666666667,0.08369743567550794,0.17411457642638634,1.8316681724576023,16.665920820049948,9.576578844972829,0.24255199542968378,0.5644995759797823,0.07420460160537551
17009,5.97,1074.76,4,1,14.635454545454545,0.3463636363636364,0.048682717569091365,0.18499003456151422,1.955232557334703,4.730649698531102,9.7075928689328,0.19097263039179377,0.38941536543815414,0.11655021628475921
17047,7.64,1145.63,2,1,6.183333333333334,0.18666666666666668,0.08490554369252552,0.2810083222610371,1.562737837250358,10.401077328170249,9.167099092539164,0.2674818934373368,0.2664020004483287,0.08520028620221189
17051,5.97,495.9,7,2,128.6,1.5888888888888888,0.04052176722833137,0.12116179249210636,1.8496943921878917,275.86174600355685,14.402769856815079,0.23487722993571786,0.2551080892142435,0.21568331323900167
17055,2.41,181.69,164,6,25.030714285714286,1.8435714285714286,0.18607328232549739,0.04045776179804642,1.8634415424377133,10.373615492499308,13.868167227963829,0.24228605195203384,0.2840594765781297,0.16779340146280108
17068,2.56,203.03,25,2,4.586086956521739,0.36695652173913046,0.07179963432793707,0.15468821011623027,2.311967505014487,11.492284044425459,12.546215724304401,0.27623033192186247,0.2421625982974784,0.15384844274719664
17100,2.92,322.34,27,2,8.837826086956522,0.4027272727272727,0.07034929005937941,0.18505307119803077,2.1725535328838483,11.060027753034165,12.072146086521087,0.2103643240128067,0.2786622528252793,0.15927879041956283
17136,6.34,530.92,441,7,146.5,2.485,0.027161174940417115,0.452191861578665,2.025495854442224,322.701706063259,14.896622556296709,0.23123661089098135,0.2608696237672532,0.19444038488019771
17160,2.71,287.05,35,3,12.12,0.387,0.06364970712053948,0.160239130578797,2.0744253771740264,3.7934824542326693,11.830006083654087,0.242119062800475,0.4980035329222632,0.14736578237560508
17167,3.68,180.76,32,3,4.926666666666667,0.2733333333333333,0.12112111833833279,0.34082931303843367,2.0319392947036654,6.020155349790697,13.753627871377523,0.21567369523899985,0.28571049671512266,0.17010480485953297
17179,2.29,138.84,32,2,3.618181818181818,0.3514285714285714,0.09487375461652467,0.3839129070930876,2.1684016644941186,4.373052956306915,12.702934676584652,0.2113921776300648,0.7385366635565926,0.16603401468856413
17181,6.57,554.09,420,7,130.13636363636363,1.8554545454545455,0.045883737328858115,0.1271369014352879,2.0341755380021294,359.39965735819504,14.357272169278241,0.24394279364149224,0.26383794810770433,0.19545062599083987
17187,3.46,209.16,39,4,5.100625,0.269375,0.12885705915218792,0.31745927840374,2.1321945032824288,47.85362296360697,13.654251840873652,0.19852912549267474,0.24102297605544057,0.169678322694783
17224,5.08,496.73,1,1,129.65,3.6550000000000002,0.014580843823468588,0.14524598217430654,1.978802519517853,211.77278641450263,15.110156997593492,0.23400868448063517,0.2905025810031069,0.1941409932685507
17235,2.32,213.08,4,1,3.1725,0.36916666666666664,0.10590884357789893,0.22706359698432357,1.7042106154705265,37.41582554463478,13.373252919263162,0.2749773669998725,0.23676432224903057,0.16416215144120824
17241,2.37,215.75,49,2,5.90090909090909,0.37363636363636366,0.14447451706816267,0.33647620595810035,2.065624834858992,5.675716471350353,12.437440636101565,0.22042937915971175,1.094610508387576,0.15742468957208575
17286,3.82,265.15,7,1,4.542,0.267,0.06926470177938641,0.1966440752959093,2.180644064663319,8.318302988061383,12.69084790341764,0.18407188485195933,0.7423400045499411,0.12087170420642723
17296,3.05,324.43,3,2,5.164166666666667,0.44916666666666666,0.038723648979606014,0.1849239594073795,2.0529501438237663,3.141737326796376,13.27763606518793,0.24923708668841957,1.5291242784488972,0.14761185280540012
17373,4.3,820.17,63,4,11.9,0.365,0.02960189313977122,0.11497423115994679,1.7713071349452039,6.646817450089615,11.897083252453788,0.3372667420991913,0.5585773331217164,0.11104728902490409
17382,4.42,852.38,18,3,6.336666666666667,0.1980952380952381,0.15970068793896336,0.2635749071778021,1.80848363511774,5.81665393197895,9.85198370572062,0.3048795646514496,0.45690993324034657,0.07550955636399653
17404,4.8,675.33,98,4,12.773333333333333,0.35,0.04077454450243816,0.16837100125342183,1.9244441248828588,13.602910629501759,12.504949758860405,0.28799196075540184,0.4294298903682776,0.14130963922151446
17435,2.61,181.37,56,3,5.892727272727273,0.42,0.08765198838000832,0.20811212746106814,2.6408760251646464,2.8454115291829796,13.00694664098368,0.393070724073739,0.4985155807334543,0.15146404462422974
17471,5.1,489.4,50,3,13.481666666666666,0.30333333333333334,0.055617016464056944,0.14631187328548262,2.572869890387314,8.175998200499027,11.503813140778451,0.34450250444961594,0.47715821423216,0.0993524750697712
17506,4.48,512.59,20,2,4.148,0.201,0.05238585351967434,0.2180620971618771,1.8518469110007374,8.13162178276322,11.721772615673546,0.3326223206184015,0.374857967619608,0.09933601805232026
17548,5.44,432.39,4,2,3.79,0.1781818181818182,0.11264976757133334,0.22423454876826587,2.300671994039757,8.119376283223254,11.337941722282638,0.2817301452347763,0.38612409661879804,0.07216781054958289
17573,5.94,914.1,54,3,3.1366666666666667,0.24375,0.20337153695795201,0.34277845615707997,2.1753674744527793,8.062898005991038,12.39035279358348,0.2795060185372473,0.2975368420415141,0.08809893516362316
17642,6.48,650.46,23,3,8.935,0.3041666666666667,0.03798820894003713,0.1176720229844867,1.7565943390506915,2.805301701341986,11.666249547186505,0.3558882820807286,0.6138014044386506,0.0829166650755906
17660,6.59,838.2,259,6,14.223636363636365,0.35818181818181816,0.06493068563319095,0.08723730919238588,1.3997646259143142,5.8631716328772665,11.38512650364725,0.43523994717998926,0.3769678886136216,0.0817253508030377
17663,9.66,945.05,1,1,9.993478260869566,0.271304347826087,0.12471921725447056,0.23026585704659597,1.5861734453385816,2.046702031425463,10.874698181654239,0.3238794342447979,0.6018321137226256,0.10893993145886227
17692,9.5,1149.69,3,1,4.223636363636364,0.1618181818181818,0.17663607508324242,0.2575093626149627,1.6440012794790466,3.2004819702244394,9.678272332947122,0.2571466475887973,0.5919365317763166,0.07645425083862223
17695,11.17,983.04,14,2,6.216363636363636,0.17363636363636364,0.1406674595862852,0.1369487799861089,1.751504311180254,4.020766193510207,9.245804947513793,0.579600169887441,0.5115883999602989,0.09362058787466518
17698,11.29,931.46,11,2,6.548181818181818,0.22,0.047325708465526015,0.09748913904330551,1.8756343229052632,4.026182434806472,9.201014767859226,0.23520438577162764,0.5300903920287066,0.08081079457684895
17711,2.38,196.18,116,5,12.435,0.372,0.05341775518145508,0.2651481991805343,2.2207345163056322,5.401559912250708,13.543158210936033,0.29457055812791777,1.3715280672180623,0.1743038817856937
17814,2.33,232.32,14,2,3.5545833333333334,0.28541666666666665,0.12440769700560138,0.3111504301793113,2.060913650065771,8.18043031864417,12.23737645097426,0.28771845475519187,0.4722980364412632,0.1398839703285251
17823,1.13,200.22,34,3,8.06,0.329,0.09854480823467983,0.175749436488393,2.2532068223176456,2.0707505120779293,13.169744687746132,0.23641907872480974,0.5527710098022953,0.14828715341297227
17952,12.58,874.13,10,2,2.9369565217391305,0.12565217391304348,0.162705572311476,0.3262235317514134,2.137993019603746,23.04444970587747,7.400653150475472,0.31787912711860816,0.1983027723574452,0.18073311979666126
17965,23.05,1703.18,32,4,16.90833333333333,0.24583333333333335,0.032634069680415045,0.10032982092846607,1.9260703549387093,30.798306351328463,8.204792111236943,0.3567243554061598,0.19815931761949893,0.1313452874886953
17977,23.62,1787.46,5,2,6.642307692307693,0.24923076923076923,0.07743982387729821,0.27916889886661117,2.0577581598975945,24.755292730887177,8.02661060968951,0.2928417294744333,0.19337351259362728,0.11904831541950564
17984,19.79,1679.16,33,4,18.319,0.308,0.10786692648177273,0.6820414669088384,1.9229159563286533,7.696453010858227,8.809606760723064,0.2939768463667268,0.196792688802175,0.13464412936489364
17998,2.67,336.94,71,3,11.505833333333333,0.36583333333333334,0.03732998492836649,0.1138786486189629,2.387538537821106,3.5358956910143804,12.725411744447683,0.35518588187315414,0.39881460323665474,0.15829876065688542
18009,6.37,437.61,40,3,14.138181818181819,0.4118181818181818,0.029513874880081316,0.13113400350605828,1.90765840116345,4.03927311194318,11.986240242016606,0.2837147699661922,0.4024898282803381,0.17962168626909175
18018,5.55,430.51,31,3,8.905238095238095,0.3385714285714286,0.20131828587096146,0.25634777935548314,2.287637448334424,2.8357759157425506,12.336125986742031,0.3190944421994733,0.37174508720507743,0.17154915160309184
18049,24.13,1510.76,7,2,5.71,0.214,0.06018224854108523,0.240501670599611,2.1812576883679773,21.63338011673515,9.314377186938449,0.2993070092595089,0.18752212363768092,0.10766032228087397
18054,16.56,1065.62,16,4,17.778181818181817,0.2863636363636364,0.18091145758386323,0.1676719493238898,2.150310976154849,6.028906689292946,9.45131577010678,0.3148463741009112,0.1878301566351839,0.11620824832720701
18074,16.22,963.62,1,2,5.699583333333333,0.22916666666666666,0.08883167989560242,0.26210787662087726,2.191119097509199,21.333594608191742,8.855146518470237,0.2754357937669365,0.18840455645091334,0.14274165586056314
18076,18.8,1389.33,8,1,49.72727272727273,0.41545454545454547,0.05971657393440979,0.10061363374177923,2.074748237724214,38.594740907780015,10.520693348813378,0.30923290999597186,0.34479321703168136,0.12603167639817392
18104,21.93,1514.87,29,4,9.76909090909091,0.32181818181818184,0.05050680861232442,0.1631389561127692,2.186369500435947,27.26410121414781,9.688013446471322,0.28906441938325306,0.21744228352021114,0.10536247910660845
18133,0.24,69.73,104,5,24.21666666666667,0.9316666666666666,0.07099737683942986,0.34227409948524357,1.730955453851632,8.031923647773295,12.820896965270249,0.42009432861885315,0.3336797984881462,0.1487850643345942
18157,0.37,58.56,13,3,5.7275,0.4808695652173913,0.06787174298497857,0.13849930071433905,2.567881933142566,11.67909627148294,12.79821677336024,0.2766720447332741,0.25660270196729545,0.1903186208855889
18194,11.68,454.6,53,4,40.56916666666667,0.38333333333333336,0.0425651695311162,0.1937323463732292,1.6720031980935675,11.564494470889263,12.149393801300004,0.36499358499182877,0.24394123229010528,0.22068894976143277
18203,13.33,576.76,17,2,8.9885,0.294,0.13877199059052558,0.3180054310920227,1.58683336489335,11.514434007421853,11.788046514409439,0.3951692955110028,0.24273014625321218,0.25707395267071376
18244,18.25,1186.26,76,5,42.915,0.35,0.11230917398686471,0.37648900424235354,2.142959966921802,12.016641913726986,11.606693775042045,0.3029312946628705,0.5497026337196719,0.1329064468126445
18263,12.24,871.26,2,1,60.769090909090906,1.979090909090909,0.0600643515447806,0.3847815277242904,2.2454108529667796,25.734664529352862,12.61332752114817,0.3773855715815932,0.18857689082077028,0.17440675069602005
18412,0.38,124.29,45,4,10.784,0.631,0.03650834923128875,0.20438347562251077,2.4366152240368733,11.695555072073365,12.715045918126856,0.23850928618402178,0.25732641336748324,0.14592254616540848
18443,2.15,141.75,34,3,4.463,0.41,0.08144595233002912,0.22001084426876466,2.6032667183459437,4.687705869678024,13.489064607964353,0.16624410173648516,0.7182078345448546,0.16752789864017714
18460,1.92,134.96,31,2,4.320833333333333,0.19375,0.23509968865871397,0.16519810248940398,2.6382108420376773,1.03444804342108,13.483991615581617,0.3102038580912185,0.3971873749319377,0.1715344209663516
18465,4.63,388.25,182,5,55.46333333333333,1.4463636363636363,0.02436586838805302,0.06053289740035004,2.2483289941649596,13.535392522331774,13.769803094018185,0.3168789516101354,0.9501217382389714,0.18211496201765465
18495,4.7,343.43,30,4,40.445454545454545,0.34363636363636363,0.08770365064508955,0.29996780432485964,2.4085252634542655,6.909022645769392,14.107270580659211,0.26784233003195845,0.4678764417709568,0.18528172993741113
18510,8.6,545.8,32,3,15.439,0.452,0.05453983490082872,0.17130746204406622,1.996624078331654,3.940220052037247,11.3818621758058,0.2673660345279531,0.2712235773653719,0.13522141126478188
18566,17.82,1442.11,39,4,42,0.41400000000000003,0,0.14093627366854145,1.9045838075203143,4.836301418698711,9.194487519229746,0.30458588762539207,0.484675974087337,0.1104888306467586
19140,7.32,535.87,10,2,5.274,0.20400000000000001,0.14186027747911992,0.5561319578086966,1.4021869051912896,3.039079991591778,11.895049610521925,0.38523858845584447,0.23209489961241386,0.13816267536468677
19170,2.66,309.25,228,6,111.4,3.6622222222222223,0.09907819085673629,0.19136873109581426,1.2337825993114908,8.647259351381189,12.25028090765453,0.3207312238295511,0.21399372215755538,0.17277003698123833
19757,3.01,307.51,61,5,16.1,0.987,0.04583011101693303,0.2351512963345181,1.474763692935522,6.930639014232322,11.81305726391388,0.6468955015806543,0.24722776743798022,0.13195532285759443
20104,7.66,466.2,7,2,2.0416666666666665,0.12611111111111112,0.237325916538321,0.26806107248394784,1.5732921789413674,7.062546875549538,11.24160521354249,0.3497121087772771,0.16647676546426396,0.1402825797801941
20209,2.85,341.46,575,7,181,3.779,0.07108751037060325,0.12239112616751223,1.2533317987835229,7.06833744604338,13.105609888927697,0.24170091209829397,0.19199145930329023,0.23270418287964245
20360,9.5,963.32,9,2,5.454545454545454,0.18454545454545454,0.10826408042888053,0.3693990100485043,1.3868778468834055,6.9040184957258495,9.149428904515311,0.3731957962216159,0.21986704187384126,0.15756485906738885
20385,6.42,603.7,1,1,8.327272727272728,0.22545454545454546,0.09845563828202615,0.2573831731383703,1.4039680864922102,3.3216487084539486,9.79876515299458,0.39306779520437596,0.25164326312767854,0.07092983242150318
20429,12.42,692.1,15,3,12.936363636363636,0.4445454545454545,0.15680096000653332,0.216550802795385,1.3180463995632574,3.3058500429548316,10.250394769514992,0.3024727842375856,0.22457626597351513,0.0881293697869431
20995,4.27,418.55,6,1,213.5,3.9175,0.2320145738371462,0.35641162031010176,1.2519136849802002,5.375725859911924,12.045626221292947,0.31575805402907287,0.23964918264214444,0.15312087104365069
21151,9.62,737.06,6,2,7.177777777777778,0.27166666666666667,0.22273372178686432,0.37987302037822623,1.5511886435198885,4.613478725598577,10.177983276763507,0.4414673465744329,0.5698792620119834,0.12994988416229225
21356,15.89,891.57,10,1,6.1454545454545455,0.28700000000000003,0.11021057537907952,0.1707356577481927,1.2983505307728846,6.850020702125504,9.703191689446335,0.5954093354389633,0.4510656066801515,0.10977345846886073
21538,11.8,739.08,20,2,9.591,0.323,0.19274254611946104,0.1502957005964989,1.6635401671484227,6.299274545013321,11.02919941231291,0.5204008517300726,0.44975351432337024,0.13917327348981084
21571,7.5,621.39,856,7,341,5.374545454545454,0,0.3317635041603781,1.2239986341997111,7.2446094562825225,15.896117776164688,0.37362414127434945,0.24340180151868762,0.18242847760464018
21604,3.39,168.43,2,1,5.273076923076923,0.3346153846153846,0.033883500071004914,0.47981037343001487,1.6433582317128488,14.489039864237956,14.319452557161389,0.6443099585506711,0.4514739910103464,0.16735297802937713
21663,12.43,625.14,14,2,6.5117391304347825,0.24956521739130436,0.1630084238176967,0.32338592208683054,1.6682230624499192,1.1209522956156697,10.373185991216276,0.5400539979914192,0.4024581822038628,0.08690547155924558
21714,21.32,2358.63,34,4,9.472727272727273,0.40636363636363637,0.06282581016642758,0.2381494551340534,1.4321526848338821,6.773337870083279,8.263377067234657,0.378756452410121,0.36267777755446756,0.10497088958189
21758,15.74,1493.19,17,3,8.535714285714286,0.2792857142857143,0.13203533537316858,0.156681231176428,1.388224337110839,4.019825206652185,8.532307031957348,0.5414258197630021,0.3089544875441346,0.09872619584607623
21788,20.94,2636.77,22,3,8.56,0.261,0.08022184910790088,0.21328607150081463,1.5844775909589446,7.740874995096303,7.675565897830211,0.455077601648663,0.2155070050234772,0.09144576304967957
21835,19.9,1284.46,2,1,7.1,0.33,0.09181975218595279,0.3178208630818641,1.5326593144171845,1.5954354668288668,8.593103711166119,0.4547939422581973,0.3486569944309124,0.05931630970850987
21877,27.18,2143.17,12,2,8.7,0.183,0.16927756348179712,0.5608603373108325,1.6629758817065057,6.934991190077624,8.167111854604443,0.4993267639132083,0.17132971755493048,0.11164670917873541
21925,21.37,1631.88,16,2,3.63,0.2545454545454545,0.1697470499606236,0.27068035972869764,1.563730281086185,3.7597133659618183,9.588741079105267,0.4079170712667133,0.20851123496389015,0.07278744890682169
22003,11.85,1314.63,5,2,4.788636363636364,0.36363636363636365,0.11952588074773215,0.19157088704159816,1.7249923084974592,12.136293908491417,9.440166578884938,0.5230913986777297,0.1887054832393587,0.04370252173416709
22260,21.29,1864.93,6,2,6.403478260869565,0.20043478260869566,0.12014718382202759,0.444586855562085,1.6561781931547632,7.31263436920585,8.692488751319956,0.4857057101025862,0.1679435104857437,0.12294848960791348
22423,16.38,1341.81,18,3,7.4470833333333335,0.22166666666666668,0.1288362120688995,0.4123225148897896,1.7869687092621405,2.5832904143348987,10.245405016883492,0.5668258105682094,0.36190586690494336,0.11733906885242867
22471,17.66,1549.77,80,4,13.207692307692307,0.31076923076923074,0.17549254747386692,0.26452163229417247,1.7237456500668227,7.520225850788891,11.846297042277955,0.5659880387814537,0.17152455710907633,0.14460804553456352
22480,4.34,650.23,11,2,3.4895,0.2335,0.10963971778814713,0.4805812535326054,1.7757939616139233,6.859703424647676,12.793099336373015,0.6319622742628832,0.21520562310858174,0.1380382056641658
22495,4.47,432.23,29,3,4.3695,0.3135,0.12840925545903917,0.4993646433648949,1.7496950698936982,6.877000004798862,13.712430533158019,0.7287553494322336,0.24797059088946222,0.15978896274375518
22505,5.82,498.53,40,3,4.12,0.1794736842105263,0.1267079150582913,0.4305826931835153,1.9766028571537728,4.43805875912647,13.835253673337862,0.629499692685687,0.24140665405561987,0.15032717119482025
22514,5.72,359.49,15,3,6.410952380952381,0.2957142857142857,0.049175265510535436,0.4164464166181171,1.871148044351935,0.2893447709228704,13.302825133163527,0.6135704756028341,1.031838588861297,0.15433690663482455
22560,18.37,1428.16,5,1,3.481,0.217,0.094825082782632,0.13792507968807383,1.6270925178235793,0.44868235356112707,8.432833679930537,0.4467833596489209,1.9374470479772992,0.15846946440553397
22611,17.58,1507.3,9,2,5.6485,0.266,0.15370882391860624,0.32577902051919944,1.7755636236374002,7.203181991523741,7.681543197050358,0.5921597910996457,0.2473731492304028,0.1459119041495932
22675,8.9,615.86,13,3,6.615294117647059,0.32,0.05437765164033491,0.20462188833919992,1.6979453295156248,7.616324736272412,11.843471987298862,0.523663851816621,0.17128419684349808,0.08607943803174226
22676,18.46,1250.49,9,2,3.5142105263157895,0.16789473684210526,0.1533081066639226,0.3198721258639272,1.7695845249723645,7.220885590363298,9.1108106648964,0.5958685567236989,0.2607527303533301,0.14443691920543023
22723,14.43,1273.87,10,2,4.45375,0.25,0.10300283791148102,0.2843145838832325,1.6739118445473917,3.4094804170132633,9.216084115047522,0.5202537057902914,0.302415503205515,0.20478084395185403
22724,14.24,1589.22,48,5,11.040833333333333,0.28041666666666665,0.10373655928195628,0.16808346902061017,1.6591814756679446,10.108547326533005,8.200076185895734,0.4658646784356889,0.6725419830022393,0.18152826390748378
22858,6.09,256.38,2,1,11.076363636363636,0.3572727272727273,0.10319652101869264,0.1698366065747098,1.7433118512879273,3.999118833859819,15.306336133046496,0.6092118571696923,0.45292668080286436,0.18563994907807482
22980,7.4,403.56,48,4,9.101818181818182,0.22090909090909092,0.12806953598294468,0.24331395348543122,1.6085041986098776,5.083932852878168,12.977649526177473,0.5168808605565488,0.5893650884738411,0.09796415643013151
23085,6.65,370.38,177,5,45,4.56,0,0.02773927772077522,1.4211879871386215,7.696453002002072,16.024520110575494,0.45211085245641514,0.31755790755181457,0.21510030088550433
23114,11.06,560.34,32,3,12.909,0.42,0.12266537771547796,0.2698412698412699,1.686141730673835,4.99586590499271,13.37028740941042,0.5599762386650879,0.5768511737165704,0.1289667935401899
23142,2.78,99.69,27,3,12.015,0.3491666666666667,0.08417987036118364,0.2764490858897511,1.8541742099858274,2.208441786913779,16.45146024161356,1.039909131223278,0.3714826124718873,0.1819280823126499
23226,4.02,260.08,54,4,11.263,0.335,0.20235400262875808,0.24665781604458786,2.5933574854745287,2.8790616105384332,15.065901927133304,1.1957817572316882,0.38351501111909164,0.21626712154009767
23387,5.13,366.12,33,3,6.191739130434783,0.2708695652173913,0.09363604369120812,0.47486347422425007,1.9212443173141327,6.883821446130754,13.039889785661206,0.625085572840777,0.215993453297958,0.15076467303887592
23851,7.84,425.67,28,3,5.891739130434782,0.271304347826087,0.11690458504845028,0.4445782339739135,2.076345620213554,1.3961850069057646,13.142488032435487,0.6632711998822433,0.5103088313866553,0.15377126568174562
24716,7.17,513.86,5,1,2.7494117647058824,0.19117647058823528,0.2470161152585275,0.4552130654004151,1.8340247387143642,10.940302297304372,11.555173766314729,0.3089353444150394,0.4048467391439153,0.13617879315283862
24913,0.9,245.55,27,3,6.8545454545454545,0.249,0.20102618624436144,0.25642080192901556,1.474709744628383,1.1193309412147978,10.896541383916702,0.47655101176057363,0.3930353096111257,0.15163970041886657
25268,12.07,805.02,18,3,5.052272727272728,0.24863636363636363,0.1293050234888661,0.28636311883356375,1.6153959159853553,6.841902648293093,10.16525636598138,0.4125888311791954,0.42917016674130304,0.13861815724776091
25353,10.89,1333.3,23,4,6.681818181818182,0.33090909090909093,0.07566876775664488,0.1361263043212917,1.367556208505473,12.810210287913822,8.974254919760789,0.576090465414047,0.19655525596345946,0.05955042191523307
25357,11.32,1228.2,34,4,6.738636363636363,0.33,0.14091170719153165,0.3197412483099882,1.567660823843017,14.069148074174763,9.357055940889058,0.5093449116332407,0.21191195577058078,0.0392251402510279
25873,19.82,1392.24,19,3,8.972727272727273,0.3790909090909091,0.09944470421285086,0.14566050682300274,1.4254804058237631,7.3362251189125285,8.231340398372064,0.5288195042262267,0.17860838544931554,0.17270420206533363
26160,11.01,809.78,0,1,9.604,0.485,0.10427033902403826,0.1870249460369454,2.1915224325046707,4.303040994488531,12.141180628457528,0.46798684863161266,0.40496297653871954,0.14307889009841873
26247,14.19,808.8,25,3,6.09,0.21555555555555556,0.16171254030277177,0.47316808084930645,1.7315108668281,1.4629951775553172,13.03954409697182,0.47423143418893304,0.4736970023510414,0.15063507286582295
26351,3.39,168.43,3,1,8.1658333333333335,0.4533333333333333,0.09262942678629027,0.25661659362669337,1.6243867480775804,13.020076150697246,14.735817682482578,0.5727182358438782,0.42650648468189434,0.1708725814285221
26477,3.49,394.85,8,2,4.031818181818182,0.17727272727272728,0.09083899595909581,0.13838554419760227,1.5569553970627754,6.8718350029702995,11.265353714622332,0.44169421668358416,0.22523999899394906,0.11670350434339459
26876,6.42,603.7,36,4,9.5,0.446,0.16201258078056413,0.16950962633584257,1.4042740088386902,3.219162455825585,10.244779132541366,0.38680621139987675,0.25607626343615386,0.08899453631726345
27190,5.32,736,10,2,2.6254545454545455,0.24727272727272728,0.22229782060498382,0.36266104285809414,1.3171757451562387,7.420290580890808,11.799835294703959,0.37535572954488267,0.1774137068550139,0.13333524519587037
